Date/Time,Hs,Hmax,Tz,Tp,Peak Direction,SST
03/07/2018 18:30,2.416,4.845,5.607,7.288,112,26.75
03/07/2018 19:00,2.387,3.966,5.313,7.053,116,26.75
03/07/2018 19:30,2.446,4.382,5.543,7.239,116,26.7
03/07/2018 20:00,2.568,4.02,5.72,7.824,115,26.7
03/07/2018 20:30,2.925,4.97,5.894,7.855,104,26.7
03/07/2018 21:00,2.668,4.93,5.796,6.579,115,26.65
03/07/2018 21:30,2.988,5.118,6.32,8.106,122,26.65
03/07/2018 22:00,2.648,4.539,5.927,6.938,113,26.65
03/07/2018 22:30,2.746,4.467,6.064,7.755,109,26.65
03/07/2018 23:00,2.632,4.304,6.069,7.81,115,26.6
03/07/2018 23:30,2.711,5.92,5.772,6.367,102,26.6
03/08/2018 00:00,2.919,5.26,6.268,8.453,115,26.6
03/08/2018 00:30,2.481,4.18,5.843,8.75,109,26.6
03/08/2018 01:00,2.638,4.19,6.096,8.888,106,26.55
03/08/2018 01:30,2.875,4.604,6.046,9.299,113,26.55
03/08/2018 02:00,2.786,4.7,6.317,8.585,108,26.5
03/08/2018 02:30,2.749,4.17,5.884,9.328,112,26.55
03/08/2018 03:00,2.636,3.778,6.21,9.057,113,26.5
03/08/2018 03:30,2.477,4.41,5.82,9.335,113,26.45
03/08/2018 04:00,2.514,4.383,5.808,9.096,120,26.45
03/08/2018 04:30,2.419,3.74,5.963,9.842,119,26.45
03/08/2018 05:00,2.434,5.199,5.796,8.936,109,26.4
03/08/2018 05:30,2.446,4.644,5.794,9.729,111,26.4
03/08/2018 06:00,2.47,3.991,6.026,9.681,122,26.4
03/08/2018 06:30,2.53,3.87,5.841,8.984,108,26.4
03/08/2018 07:00,2.567,4.12,6.113,9.883,112,26.35
03/08/2018 07:30,2.308,3.871,5.786,9.745,122,26.35
03/08/2018 08:00,2.294,3.927,5.649,8.524,113,26.35
03/08/2018 08:30,2.241,3.558,5.74,8.201,120,26.35
03/08/2018 09:00,2.264,4.267,5.589,8.507,101,26.35
03/08/2018 09:30,2.202,3.61,5.753,9.746,104,26.35
03/08/2018 10:00,2.093,3.462,5.701,9.387,118,26.4
03/08/2018 10:30,2.197,3.567,5.862,9.824,113,26.4
03/08/2018 11:00,2.03,3.241,5.712,9.811,113,26.4
03/08/2018 11:30,2.212,3.784,5.744,9.763,111,26.4
03/08/2018 12:00,2.248,4.43,5.966,9.233,113,26.4
03/08/2018 12:30,2.233,3.78,5.781,9.773,111,26.45
03/08/2018 13:00,2.187,3.73,5.847,9.763,113,26.45
03/08/2018 13:30,2.162,3.8,5.883,9.65,112,26.5
03/08/2018 14:00,2.153,3.55,5.794,9.287,112,26.45
03/08/2018 14:30,2.029,3.888,5.684,9.304,106,26.5
03/08/2018 15:00,2.124,3.37,5.695,9.32,111,26.5
03/08/2018 15:30,2.102,3.39,5.813,8.517,118,26.5
03/08/2018 16:00,2.087,3.43,5.747,9.695,98,26.45
03/08/2018 16:30,2.078,3.927,5.492,7.557,116,26.45
03/08/2018 17:00,2.238,3.356,5.792,9.463,105,26.45
03/08/2018 17:30,2.276,4.437,5.39,7.244,109,26.45
03/08/2018 18:00,2.364,4.406,5.619,8.835,112,26.45
03/08/2018 18:30,2.273,4.915,5.476,7.024,109,26.45
03/08/2018 19:00,2.227,4.166,5.471,9.186,99,26.45
03/08/2018 19:30,2.448,3.9,5.729,8.688,97,26.45
03/08/2018 20:00,2.394,4.06,5.635,6.797,108,26.4
03/08/2018 20:30,2.355,3.828,5.979,9.334,98,26.45
03/08/2018 21:00,2.436,4.62,5.759,8.96,111,26.4
03/08/2018 21:30,2.369,3.803,5.618,7.284,101,26.35
03/08/2018 22:00,2.254,3.72,5.625,5.84,109,26.35
03/08/2018 22:30,2.168,3.23,5.712,9.347,105,26.35
03/08/2018 23:00,2.282,3.86,5.628,9.232,109,26.35
03/08/2018 23:30,2.146,4.158,5.639,9.577,101,26.3
03/09/2018 00:00,2.03,3.91,5.677,8.546,102,26.3
03/09/2018 00:30,2.209,3.947,5.503,9.273,108,26.25
03/09/2018 01:00,2.141,3.552,5.741,9.002,102,26.25
03/09/2018 01:30,2.114,3.697,5.404,7.268,108,26.25
03/09/2018 02:00,2.317,3.92,5.706,8.541,108,26.25
03/09/2018 02:30,2.09,3.917,5.633,8.832,108,26.2
03/09/2018 03:00,2.119,3.064,5.645,8.613,108,26.2
03/09/2018 03:30,2.118,3.859,5.62,8.784,108,26.2
03/09/2018 04:00,2.015,4.137,5.47,8.87,106,26.2
03/09/2018 04:30,2.066,3.32,5.627,8.454,108,26.2
03/09/2018 05:00,2.095,3.58,5.8,8.848,99,26.2
03/09/2018 05:30,2.108,3.18,5.825,9.269,98,26.2
03/09/2018 06:00,2.189,3.975,5.864,8.58,101,26.15
03/09/2018 06:30,2.207,3.484,5.61,8.188,108,26.15
03/09/2018 07:00,2,3.301,5.352,9.146,99,26.15
03/09/2018 07:30,2.076,3.331,5.438,9.029,99,26.15
03/09/2018 08:00,2.205,3.86,5.688,8.805,118,26.15
03/09/2018 08:30,2.281,3.51,5.662,9.377,94,26.15
03/09/2018 09:00,2.19,3.529,5.785,8.164,94,26.1
03/09/2018 09:30,2.323,3.665,5.806,8.96,98,26.15
03/09/2018 10:00,2.295,3.821,5.857,7.895,106,26.15
03/09/2018 10:30,2.21,3.52,5.579,8.906,108,26.1
03/09/2018 11:00,2.223,3.78,5.67,8.542,101,26.1
03/09/2018 11:30,2.226,3.6,5.544,9.216,105,26.1
03/09/2018 12:00,2.134,3.606,5.473,8.607,108,26.1
03/09/2018 12:30,2.154,3.285,5.577,7.936,98,26.15
03/09/2018 13:00,2.241,4.053,5.483,8.762,101,26.15
03/09/2018 13:30,2.378,4.358,5.743,8.511,99,26.15
03/09/2018 14:00,2.214,4.01,5.681,9.256,97,26.15
03/09/2018 14:30,2.334,4.45,5.926,8.757,109,26.25
03/09/2018 15:00,2.213,3.35,5.837,9.718,108,26.25
03/09/2018 15:30,2.318,3.76,5.547,8.599,95,26.25
03/09/2018 16:00,2.247,3.439,5.867,8.926,108,26.25
03/09/2018 16:30,2.344,3.974,5.693,8.876,94,26.25
03/09/2018 17:00,2.411,5.06,5.889,9.851,109,26.25
03/09/2018 17:30,2.255,3.84,5.724,9.428,111,26.25
03/09/2018 18:00,2.411,3.52,5.906,9.205,101,26.25
03/09/2018 18:30,2.239,3.872,5.762,9.213,105,26.25
03/09/2018 19:00,2.296,4.29,5.743,7.876,105,26.25
03/09/2018 19:30,2.233,4.168,5.611,8.239,105,26.2
03/09/2018 20:00,2.47,5.22,5.553,9.031,104,26.2
03/09/2018 20:30,2.487,3.772,5.971,9.039,97,26.2
03/09/2018 21:00,2.465,3.59,5.893,8.278,106,26.15
03/09/2018 21:30,2.585,4.842,5.799,9.182,102,26.2
03/09/2018 22:00,2.473,3.646,5.839,8.504,112,26.2
03/09/2018 22:30,2.365,4.374,5.829,7.646,115,26.15
03/09/2018 23:00,2.463,4.451,5.889,8.477,106,26.2
03/09/2018 23:30,2.483,4.626,5.724,8.898,108,26.2
03/10/2018 00:00,2.418,4.22,5.83,8.231,106,26.2
03/10/2018 00:30,2.51,3.773,5.935,9.776,113,26.2
03/10/2018 01:00,2.612,4.277,6.046,9.207,111,26.2
03/10/2018 01:30,2.452,4.644,5.96,9.239,113,26.15
03/10/2018 02:00,2.485,3.84,5.874,8.518,109,26.2
03/10/2018 02:30,2.426,4.058,6.052,8.494,113,26.2
03/10/2018 03:00,2.564,4.305,5.942,8.201,111,26.2
03/10/2018 03:30,2.373,4.21,5.793,7.91,113,26.25
03/10/2018 04:00,2.638,4.69,6.04,8.144,116,26.25
03/10/2018 04:30,2.491,3.838,5.944,9.268,111,26.25
03/10/2018 05:00,2.516,4.369,5.804,9.314,115,26.2
03/10/2018 05:30,2.564,3.86,6.069,8.512,118,26.2
03/10/2018 06:00,2.493,4.34,5.95,7.942,111,26.2
03/10/2018 06:30,2.371,3.85,5.849,8.566,108,26.15
03/10/2018 07:00,2.123,4.08,5.848,9.627,102,26.1
03/10/2018 07:30,2.239,3.56,5.73,8.824,105,26.05
03/10/2018 08:00,2.229,4.02,5.878,8.545,102,26.05
03/10/2018 08:30,2.435,3.83,6.03,8.451,97,26.05
03/10/2018 09:00,2.348,3.39,5.776,8.908,98,26
03/10/2018 09:30,2.333,4.29,5.946,8.588,98,26
03/10/2018 10:00,2.345,3.81,5.697,8.468,111,25.95
03/10/2018 10:30,2.353,4.627,5.639,8.498,104,25.95
03/10/2018 11:00,2.346,4.03,5.693,8.889,106,26
03/10/2018 11:30,2.342,3.68,5.83,8.158,104,25.95
03/10/2018 12:00,2.28,3.74,5.975,8.444,109,26
03/10/2018 12:30,2.097,3.27,5.869,8.141,104,26
03/10/2018 13:00,2.109,3.023,5.676,8.162,99,26
03/10/2018 13:30,2.027,3.93,5.603,8.799,105,26.05
03/10/2018 14:00,2.159,3.27,6.036,8.831,109,26.05
03/10/2018 14:30,2.067,3.67,5.632,7.9,106,26
03/10/2018 15:00,1.922,3.1,5.627,8.109,108,26.05
03/10/2018 15:30,1.937,3.09,5.589,8.551,108,26.05
03/10/2018 16:00,1.954,3.18,5.974,9.671,111,26.05
03/10/2018 16:30,1.912,3.66,5.637,8.507,101,26.05
03/10/2018 17:00,1.922,3.12,5.271,8.185,106,26.05
03/10/2018 17:30,1.874,3.078,5.565,8.838,101,26.05
03/10/2018 18:00,1.831,3.22,5.542,8.858,109,26.05
03/10/2018 18:30,2,3.566,5.476,9.259,108,26.05
03/10/2018 19:00,2.09,3.2,5.679,9.256,108,26.05
03/10/2018 19:30,2.208,3.4,5.812,8.565,104,26.05
03/10/2018 20:00,2.291,4.131,5.738,8.189,102,26.05
03/10/2018 20:30,2.259,3.62,5.734,8.196,99,26
03/10/2018 21:00,2.072,3.94,5.549,6.56,102,26
03/10/2018 21:30,2.223,3.99,5.537,8.805,104,26
03/10/2018 22:00,2.134,3.697,5.68,7.974,112,26
03/10/2018 22:30,2.157,3.64,5.981,9.258,104,26
03/10/2018 23:00,2.284,4.35,5.641,6.57,105,26
03/10/2018 23:30,2.332,3.71,5.866,8.866,105,26
03/11/2018 00:00,2.251,3.64,5.843,7.849,104,26.05
03/11/2018 00:30,1.998,3.32,5.672,8.076,112,26.05
03/11/2018 01:00,2.042,3.615,5.878,9.063,111,26.05
03/11/2018 01:30,2.138,3.546,5.9,9.352,104,26.05
03/11/2018 02:00,1.972,4.03,5.645,8.649,104,26.05
03/11/2018 02:30,2.156,3.77,5.899,8.94,106,26.05
03/11/2018 03:00,1.985,3.47,5.716,8.981,99,26.1
03/11/2018 03:30,2.021,2.95,5.504,9.248,91,26.1
03/11/2018 04:00,2.162,3.2,5.911,8.641,104,26.15
03/11/2018 04:30,2.095,2.728,5.819,8.971,105,26.1
03/11/2018 05:00,2.059,3.39,5.633,8.255,104,26.15
03/11/2018 05:30,2.05,3.399,5.732,8.493,97,26.1
03/11/2018 06:00,2.083,3.69,5.588,8.184,106,26.1
03/11/2018 06:30,2.059,3.28,5.722,7.954,105,26.1
03/11/2018 07:00,1.968,3.43,5.735,9.738,101,26.1
03/11/2018 07:30,1.899,3.58,5.603,7.586,111,26.05
03/11/2018 08:00,1.785,3.33,5.336,8.523,111,26.05
03/11/2018 08:30,2.019,3.16,5.74,8.275,101,26.05
03/11/2018 09:00,1.927,3.28,5.525,9.217,97,26.05
03/11/2018 09:30,1.929,3.447,5.467,8.904,106,26.1
03/11/2018 10:00,1.933,3.29,5.594,7.573,105,26.1
03/11/2018 10:30,1.919,3.18,5.656,7.848,97,26.1
03/11/2018 11:00,1.825,3.26,5.371,8.486,104,26.1
03/11/2018 11:30,1.772,3.22,5.427,9.32,108,26.1
03/11/2018 12:00,1.914,3.08,5.575,8.842,88,26.15
03/11/2018 12:30,1.929,3.31,5.633,8.521,99,26.1
03/11/2018 13:00,1.915,3.1,5.415,9.246,98,26.15
03/11/2018 13:30,1.809,2.9,5.775,8.54,104,26.15
03/11/2018 14:00,1.777,2.85,5.701,8.848,95,26.15
03/11/2018 14:30,1.712,2.62,5.387,7.799,105,26.15
03/11/2018 15:00,1.793,2.77,5.527,9.081,106,26.1
03/11/2018 15:30,1.689,2.98,5.616,9.259,101,26.1
03/11/2018 16:00,1.561,2.7,5.259,8.334,101,26.05
03/11/2018 16:30,1.59,2.5,5.649,8.631,105,26.05
03/11/2018 17:00,1.626,2.474,5.632,8.93,104,26.05
03/11/2018 17:30,1.604,2.49,5.347,8.786,113,26.05
03/11/2018 18:00,1.682,3.16,5.544,8.063,98,26.05
03/11/2018 18:30,1.641,2.7,5.303,8.268,108,26.05
03/11/2018 19:00,1.67,3.3,5.384,8.583,101,26
03/11/2018 19:30,1.832,3.02,5.479,8.434,106,25.95
03/11/2018 20:00,1.804,3.02,5.369,9.381,102,25.95
03/11/2018 20:30,1.852,3.31,5.475,8.041,109,25.95
03/11/2018 21:00,1.853,3.2,5.288,9.188,99,25.95
03/11/2018 21:30,1.871,3.04,5.462,8.909,97,25.95
03/11/2018 22:00,1.977,3.07,5.628,9.131,98,25.95
03/11/2018 22:30,1.941,3.25,5.629,8.233,98,25.95
03/11/2018 23:00,1.86,3.17,5.492,8.838,99,25.95
03/11/2018 23:30,1.837,2.8,5.591,8.732,105,25.9
03/12/2018 00:00,1.956,2.88,5.802,8.884,98,25.9
03/12/2018 00:30,1.941,3.48,5.889,8.172,99,25.95
03/12/2018 01:00,1.811,3.21,5.696,8.878,101,25.95
03/12/2018 01:30,1.947,2.83,6.075,7.903,104,25.9
03/12/2018 02:00,1.739,3.24,5.695,7.858,99,25.95
03/12/2018 02:30,1.743,2.96,5.489,8.196,106,25.95
03/12/2018 03:00,1.608,3.08,5.755,7.357,98,25.9
03/12/2018 03:30,1.558,2.77,5.463,8.565,112,25.95
03/12/2018 04:00,1.587,2.23,5.572,8.05,98,25.9
03/12/2018 04:30,1.581,2.78,5.534,8.561,97,25.95
03/12/2018 05:00,1.604,2.75,5.308,8.641,98,25.95
03/12/2018 05:30,1.69,2.59,5.529,8.427,104,25.95
03/12/2018 06:00,1.626,3.05,5.568,8.844,101,25.95
03/12/2018 06:30,1.516,2.66,5.583,7.954,106,25.95
03/12/2018 07:00,1.441,2.31,5.332,8.522,105,25.95
03/12/2018 07:30,1.454,2.13,5.667,8.257,97,25.95
03/12/2018 08:00,1.402,2.28,5.166,7.824,102,25.95
03/12/2018 08:30,1.476,2.43,5.561,8.887,98,26
03/12/2018 09:00,1.427,2.36,5.536,7.821,106,26
03/12/2018 09:30,1.517,2.61,5.298,8.458,104,25.95
03/12/2018 10:00,1.397,2.68,5.125,8.518,102,25.95
03/12/2018 10:30,1.507,2.54,5.379,8.132,111,25.95
03/12/2018 11:00,1.382,2.54,5.138,9.196,95,25.9
03/12/2018 11:30,1.491,2.36,5.249,8.574,99,25.9
03/12/2018 12:00,1.378,2.19,5.164,8.092,104,25.95
03/12/2018 12:30,1.432,2.29,5.123,8.167,94,25.95
03/12/2018 13:00,1.242,1.8,4.947,8.136,99,26
03/12/2018 13:30,1.262,2,5.116,8.769,94,26.05
03/12/2018 14:00,1.351,2.1,5.465,8.99,91,26.05
03/12/2018 14:30,1.289,2.14,5.678,8.919,95,26.1
03/12/2018 15:00,1.196,2.17,5.455,8.271,98,26.1
03/12/2018 15:30,1.307,2.47,5.661,8.828,98,26.05
03/12/2018 16:00,1.307,2.094,5.309,8.16,95,26.05
03/12/2018 16:30,1.394,2.53,5.186,8.512,94,26.05
03/12/2018 17:00,1.306,2.09,5.102,8.312,90,26.05
03/12/2018 17:30,1.4,2.37,5.138,8.456,99,26.05
03/12/2018 18:00,1.477,3.51,5.369,8.831,94,26.05
03/12/2018 18:30,1.46,2.52,5.1,9.025,95,26
03/12/2018 19:00,1.462,2.25,5.18,8.473,88,26
03/12/2018 19:30,1.496,2.32,5.143,8.521,98,26
03/12/2018 20:00,1.491,2.42,5.054,8.904,90,26
03/12/2018 20:30,1.382,2.37,5.081,8.841,90,25.95
03/12/2018 21:00,1.412,2.677,5.151,9.392,105,25.95
03/12/2018 21:30,1.559,2.41,5.435,8.658,90,25.95
03/12/2018 22:00,1.513,2.22,5.196,8.905,92,25.95
03/12/2018 22:30,1.48,2.5,5.404,8.256,108,25.9
03/12/2018 23:00,1.476,2.43,5.209,8.188,95,25.9
03/12/2018 23:30,1.509,2.77,5.667,8.797,99,25.95
3/13/2018 0:00,1.377,2.09,5.015,8.551,95,25.9
3/13/2018 0:30,1.438,2.14,5.173,8.345,91,25.9
3/13/2018 1:00,1.377,2.34,5.588,8.139,94,25.9
3/13/2018 1:30,1.335,2.78,5.217,8.698,98,25.9
3/13/2018 2:00,1.369,2.21,5.314,8.193,90,25.9
3/13/2018 2:30,1.305,1.97,5.323,8.521,102,25.9
3/13/2018 3:00,1.287,2.05,5.116,8.507,99,25.95
3/13/2018 3:30,1.268,2.19,5.173,9.03,95,25.95
3/13/2018 4:00,1.318,2.22,5.299,8.237,97,25.95
3/13/2018 4:30,1.34,2.11,5.462,8.958,95,26
3/13/2018 5:00,1.368,2.46,5.272,9.772,97,25.95
3/13/2018 5:30,1.273,2.08,5.101,8.502,91,26
3/13/2018 6:00,1.31,2.3,5.31,8.493,94,25.95
3/13/2018 6:30,1.316,2.27,5.215,10.769,94,25.95
3/13/2018 7:00,1.377,2.27,5.279,9.829,88,25.95
3/13/2018 7:30,1.436,2.09,5.417,9.712,99,25.95
3/13/2018 8:00,1.42,2.61,5.19,9.305,92,25.95
3/13/2018 8:30,1.509,2.56,5.008,8.263,102,25.95
3/13/2018 9:00,1.517,2.59,4.973,9.274,90,25.95
3/13/2018 9:30,1.545,2.81,5.211,8.12,97,25.95
3/13/2018 10:00,1.582,2.37,5.272,5.607,101,25.95
3/13/2018 10:30,1.668,2.69,5.428,5.966,119,25.95
3/13/2018 11:00,1.572,2.56,5.527,12.919,92,25.95
3/13/2018 11:30,1.613,2.5,5.572,12.925,84,25.95
3/13/2018 12:00,1.712,2.8,5.464,5.853,85,25.95
3/13/2018 12:30,1.791,2.6,5.827,13.62,97,25.95
3/13/2018 13:00,1.737,2.77,6.015,12.61,91,25.95
3/13/2018 13:30,1.735,2.85,6.111,12.249,88,25.95
3/13/2018 14:00,1.83,3.09,6.084,12.776,87,25.95
3/13/2018 14:30,1.851,3.9,6.375,12.974,85,25.95
3/13/2018 15:00,1.788,3.08,5.858,11.515,84,25.95
3/13/2018 15:30,1.894,3.27,6.361,12.905,88,25.95
3/13/2018 16:00,2.027,3.09,6.283,11.448,73,25.95
3/13/2018 16:30,1.879,2.854,6.085,11.983,85,25.95
3/13/2018 17:00,1.988,3.07,5.872,12.138,75,25.95
3/13/2018 17:30,2.149,3.49,6.209,11.877,95,25.95
3/13/2018 18:00,2.06,3.25,5.99,12.07,95,25.95
3/13/2018 18:30,2.14,3.85,6.128,11.488,88,25.95
3/13/2018 19:00,2.039,3.31,5.946,11.403,83,25.9
3/13/2018 19:30,1.968,3.52,5.946,11.607,90,25.95
3/13/2018 20:00,1.869,3.1,5.787,6.887,84,25.9
3/13/2018 20:30,1.874,3.49,5.884,9.93,94,25.9
3/13/2018 21:00,1.956,2.99,6.124,11.485,99,25.9
3/13/2018 21:30,1.908,4.27,5.838,11.425,90,25.9
3/13/2018 22:00,1.929,3.13,5.843,12.769,98,25.85
3/13/2018 22:30,1.866,2.87,5.704,10.825,95,25.85
3/13/2018 23:00,1.944,3.09,5.904,10.913,95,25.85
3/13/2018 23:30,1.914,3.29,5.667,6.937,92,25.8
3/14/2018 0:00,1.919,3.1,5.632,6.175,92,25.8
3/14/2018 0:30,2.006,3.72,5.759,6.383,99,25.8
3/14/2018 1:00,2.115,3.189,5.922,7.526,102,25.8
3/14/2018 1:30,2.079,3.73,5.645,7.263,98,25.8
3/14/2018 2:00,2.1,3.78,5.779,7.299,85,25.8
3/14/2018 2:30,2.133,4.035,5.898,7.499,99,25.75
3/14/2018 3:00,2.286,4.07,5.963,6.558,84,25.8
3/14/2018 3:30,2.39,3.97,5.943,6.824,97,25.8
3/14/2018 4:00,2.389,3.62,6.279,7.926,98,25.8
3/14/2018 4:30,2.451,4.099,6.181,7.856,91,25.8
3/14/2018 5:00,2.415,4.067,5.984,6.936,91,25.75
3/14/2018 5:30,2.488,4.35,6.065,7.275,104,25.75
3/14/2018 6:00,2.467,3.79,5.851,7.877,87,25.75
3/14/2018 6:30,2.533,4.152,6.017,7.291,88,25.75
3/14/2018 7:00,2.852,4.92,6.304,8.132,101,25.75
3/14/2018 7:30,2.892,4.727,6.121,7.419,84,25.75
3/14/2018 8:00,2.657,4.08,6.187,7.676,98,25.75
3/14/2018 8:30,3.025,4.689,6.487,8.555,90,25.75
3/14/2018 9:00,2.833,5.146,6.266,7.866,91,25.7
3/14/2018 9:30,2.807,4.98,6.58,8.473,90,25.7
3/14/2018 10:00,2.874,4.34,6.599,8.884,99,25.7
3/14/2018 10:30,2.881,4.27,6.639,8.825,81,25.7
3/14/2018 11:00,2.873,4.35,6.131,9.255,95,25.7
3/14/2018 11:30,2.812,4.331,6.483,8.179,99,25.75
3/14/2018 12:00,2.85,4.082,6.296,8.9,81,25.8
3/14/2018 12:30,2.804,4.31,6.431,8.566,87,25.8
3/14/2018 13:00,2.823,4.452,6.419,9.188,94,25.8
3/14/2018 13:30,2.73,4.95,6.154,9.294,88,25.8
3/14/2018 14:00,2.713,4.98,6.283,9.225,84,25.85
3/14/2018 14:30,2.92,4.842,6.423,9.022,94,25.8
3/14/2018 15:00,2.869,4.48,6.363,8.832,95,25.8
3/14/2018 15:30,2.655,4.11,6.36,8.759,97,25.8
3/14/2018 16:00,2.707,4.63,6.14,8.154,94,25.85
3/14/2018 16:30,2.858,4.37,6.674,9.201,87,25.85
3/14/2018 17:00,2.819,3.948,6.404,9.294,83,25.8
3/14/2018 17:30,2.912,4.68,6.628,8.791,81,25.8
3/14/2018 18:00,2.85,5.169,6.547,9.876,87,25.8
3/14/2018 18:30,3.006,5.011,6.275,8.955,88,25.8
3/14/2018 19:00,3.093,5.217,6.819,9.413,78,25.8
3/14/2018 19:30,2.913,5.08,6.649,9.473,84,25.8
3/14/2018 20:00,3.219,5.25,6.652,9.729,85,25.85
3/14/2018 20:30,3.018,5.685,6.685,9.811,81,25.85
3/14/2018 21:00,2.966,4.669,6.883,9.806,94,25.85
3/14/2018 21:30,3.259,4.99,6.85,9.468,77,25.85
3/14/2018 22:00,3.192,4.77,6.753,9.479,84,25.8
3/14/2018 22:30,3.194,5.07,7.187,10.102,83,25.8
3/14/2018 23:00,2.951,4.63,6.956,10.315,88,25.8
3/14/2018 23:30,3.25,5.03,7.204,9.313,63,25.8
3/15/2018 0:00,3.232,5.127,7.34,10.173,75,25.8
3/15/2018 0:30,3.108,4.53,7.19,9.757,70,25.8
3/15/2018 1:00,3.225,5.38,7.358,9.838,88,25.75
3/15/2018 1:30,3.065,5.45,7.152,9.766,80,25.75
3/15/2018 2:00,3.264,4.96,7.295,9.354,77,25.75
3/15/2018 2:30,2.923,4.97,6.712,10.089,74,25.7
3/15/2018 3:00,2.901,4.748,7.198,10.748,80,25.75
3/15/2018 3:30,2.953,5.85,6.92,11.446,73,25.75
3/15/2018 4:00,2.959,4.77,7.078,9.815,74,25.75
3/15/2018 4:30,2.738,4.63,6.823,10.078,85,25.75
3/15/2018 5:00,2.926,5.27,6.841,9.85,74,25.8
3/15/2018 5:30,2.965,5.252,6.858,9.355,83,25.75
3/15/2018 6:00,2.652,5.15,6.494,10.438,75,25.8
3/15/2018 6:30,2.909,4.65,7.262,10.304,80,25.8
3/15/2018 7:00,2.55,3.864,6.526,11.064,73,25.8
3/15/2018 7:30,2.719,4.17,7.052,10.25,85,25.8
3/15/2018 8:00,2.485,4.363,6.852,10.272,67,25.8
3/15/2018 8:30,2.668,5.11,6.975,9.338,70,25.75
3/15/2018 9:00,2.749,5.408,7.191,8.882,71,25.75
3/15/2018 9:30,2.764,4.58,6.979,9.915,74,25.8
3/15/2018 10:00,2.782,4.66,6.743,10.781,74,25.8
3/15/2018 10:30,2.697,4.03,7.155,10.824,70,25.8
3/15/2018 11:00,2.753,4.27,6.875,10.387,74,25.9
3/15/2018 11:30,2.635,4.84,6.542,11.332,67,25.9
3/15/2018 12:00,2.706,4.89,6.941,10.338,66,25.9
3/15/2018 12:30,2.432,4.51,6.564,10.689,68,25.85
3/15/2018 13:00,2.604,3.92,6.779,10.639,74,25.85
3/15/2018 13:30,2.475,4.4,6.536,10.243,74,25.8
3/15/2018 14:00,2.557,3.89,6.626,10.852,77,25.8
3/15/2018 14:30,2.485,4.32,6.687,10.276,91,25.8
3/15/2018 15:00,2.741,4.71,7.062,9.85,77,25.85
3/15/2018 15:30,2.455,3.95,6.526,10.811,81,25.85
3/15/2018 16:00,2.588,4.6,6.728,10.042,88,25.85
3/15/2018 16:30,2.457,3.47,6.471,10.345,74,25.85
3/15/2018 17:00,2.425,4.94,6.087,10.073,87,25.85
3/15/2018 17:30,2.559,3.89,6.838,10.34,81,25.85
3/15/2018 18:00,2.554,4.246,6.598,10.73,85,25.85
3/15/2018 18:30,2.42,4.06,6.536,9.862,91,25.85
3/15/2018 19:00,2.507,4.482,6.918,10.449,94,25.85
3/15/2018 19:30,2.651,4.31,6.894,9.965,87,25.8
3/15/2018 20:00,2.32,3.62,6.476,9.664,91,25.8
3/15/2018 20:30,2.382,4.3,6.34,9.981,84,25.85
3/15/2018 21:00,2.325,3.86,6.947,10.369,91,25.85
3/15/2018 21:30,2.242,3.67,6.707,9.75,98,25.85
3/15/2018 22:00,2.169,3.69,6.625,9.665,84,25.85
3/15/2018 22:30,2.52,3.69,7.031,9.786,83,25.85
3/15/2018 23:00,2.352,3.65,6.876,10.048,95,25.85
3/15/2018 23:30,2.355,4.62,6.671,9.369,94,25.85
3/16/2018 0:00,2.179,3.17,6.47,9.621,91,25.85
3/16/2018 0:30,2.095,3.17,6.627,10.097,98,25.8
3/16/2018 1:00,2.251,3.41,7.202,9.359,97,25.8
3/16/2018 1:30,1.957,3.9,6.432,10.185,88,25.8
3/16/2018 2:00,2.087,3.33,6.403,9.783,87,25.8
3/16/2018 2:30,2.089,3.49,6.608,9.308,84,25.8
3/16/2018 3:00,1.852,3.06,6.445,9.014,92,25.8
3/16/2018 3:30,1.809,3.09,6.327,9.085,84,25.85
3/16/2018 4:00,1.767,2.93,6.396,9.352,95,25.85
3/16/2018 4:30,1.875,3.58,6.503,9.42,90,25.85
3/16/2018 5:00,1.853,2.75,6.645,9.321,88,25.85
3/16/2018 5:30,1.634,2.83,6.12,8.966,94,25.85
3/16/2018 6:00,1.737,3.17,6.642,9.324,87,25.85
3/16/2018 6:30,1.836,3.24,6.637,9.674,95,25.85
3/16/2018 7:00,1.799,3.17,6.355,9.288,91,25.85
3/16/2018 7:30,1.83,2.83,6.573,9.688,90,25.85
3/16/2018 8:00,1.8,3.03,6.468,9.254,98,25.9
3/16/2018 8:30,1.749,3.04,6.562,8.874,94,25.9
3/16/2018 9:00,1.611,3.05,6.03,9.136,91,25.9
3/16/2018 9:30,1.432,2.31,5.986,8.471,92,25.9
3/16/2018 10:00,1.605,2.58,6.394,9.316,85,25.95
3/16/2018 10:30,1.581,2.24,6.205,9.637,90,25.95
3/16/2018 11:00,1.75,2.84,6.426,9.205,85,26
3/16/2018 11:30,1.473,2.76,5.911,9.038,92,26.05
3/16/2018 12:00,1.557,2.77,5.899,8.635,94,26.05
3/16/2018 12:30,1.544,2.37,6.184,9.077,95,26.05
3/16/2018 13:00,1.491,2.44,5.704,9.34,90,26.1
3/16/2018 13:30,1.517,2.1,6.244,9.304,97,26.1
3/16/2018 14:00,1.572,2.56,6.144,8.609,101,26.15
3/16/2018 14:30,1.494,2.36,6.09,8.86,94,26.2
3/16/2018 15:00,1.522,2.68,5.921,8.678,97,26.2
3/16/2018 15:30,1.515,2.49,6.031,8.877,101,26.2
3/16/2018 16:00,1.483,2.59,5.823,8.824,98,26.2
3/16/2018 16:30,1.514,2.68,5.621,9.215,94,26.2
3/16/2018 17:00,1.677,2.94,5.788,8.649,92,26.15
3/16/2018 17:30,1.48,2.38,5.582,9.219,95,26.2
3/16/2018 18:00,1.551,2.59,5.624,8.548,92,26.1
3/16/2018 18:30,1.558,2.67,5.347,8.156,98,26.1
3/16/2018 19:00,1.717,3.26,5.588,8.741,97,26.05
3/16/2018 19:30,1.591,2.56,5.403,8.772,92,26
3/16/2018 20:00,1.641,2.414,5.268,8.562,98,26
3/16/2018 20:30,1.679,2.52,5.459,7.911,98,25.95
3/16/2018 21:00,1.524,2.6,5.343,8.525,99,26
3/16/2018 21:30,1.593,2.68,5.427,8.538,97,25.95
3/16/2018 22:00,1.558,2.58,5.399,8.235,94,25.95
3/16/2018 22:30,1.757,3.14,5.508,9.173,98,25.95
3/16/2018 23:00,1.642,2.39,5.528,8.199,98,25.95
3/16/2018 23:30,1.714,2.56,5.679,8.901,95,25.95
3/17/2018 0:00,1.696,2.56,5.381,8.517,95,25.95
3/17/2018 0:30,1.742,2.75,5.706,8.586,97,25.9
3/17/2018 1:00,1.559,2.38,5.488,8.27,97,25.9
3/17/2018 1:30,1.69,2.6,5.713,8.191,95,25.9
3/17/2018 2:00,1.609,3.05,5.505,8.069,98,25.85
3/17/2018 2:30,1.711,2.92,5.956,8.823,101,25.9
3/17/2018 3:00,1.628,3.31,5.629,8.87,98,25.85
3/17/2018 3:30,1.578,2.69,5.583,7.898,95,25.85
3/17/2018 4:00,1.751,2.89,5.863,7.422,97,25.85
3/17/2018 4:30,1.61,2.58,5.744,8.216,101,25.8
3/17/2018 5:00,1.557,2.68,5.547,8.248,99,25.8
3/17/2018 5:30,1.772,2.84,5.819,8.247,98,25.8
3/17/2018 6:00,1.541,2.62,5.585,7.854,98,25.8
3/17/2018 6:30,1.604,2.49,5.894,7.935,106,25.8
3/17/2018 7:00,1.753,3.08,5.73,7.849,95,25.8
3/17/2018 7:30,1.714,2.8,5.914,7.94,101,25.8
3/17/2018 8:00,1.719,2.91,6.024,8.443,102,25.85
3/17/2018 8:30,1.552,3.01,5.784,8.425,97,25.85
3/17/2018 9:00,1.589,2.62,5.789,8.114,95,25.9
3/17/2018 9:30,1.546,2.69,5.693,8.182,98,25.9
3/17/2018 10:00,1.551,2.87,5.624,8.52,105,25.9
3/17/2018 10:30,1.473,2.43,5.394,8.244,99,25.95
3/17/2018 11:00,1.452,2.34,5.536,7.842,99,25.95
3/17/2018 11:30,1.419,2.29,5.51,8.066,105,26
3/17/2018 12:00,1.455,2.23,5.407,8.243,98,26
3/17/2018 12:30,1.342,2.5,5.395,7.982,99,26.05
3/17/2018 13:00,1.405,2.62,5.531,8.038,97,26.1
3/17/2018 13:30,1.302,2.1,5.188,7.901,99,26.1
3/17/2018 14:00,1.394,2.67,5.184,8.263,105,26.1
3/17/2018 14:30,1.348,2.34,5.277,8.365,104,26.1
3/17/2018 15:00,1.474,2.23,5.544,8.209,102,26.1
3/17/2018 15:30,1.394,2.33,5.312,8.496,108,26.1
3/17/2018 16:00,1.329,2.13,5.327,8.301,98,26.15
3/17/2018 16:30,1.365,2.7,5.107,7.746,102,26.1
3/17/2018 17:00,1.329,2.263,5.074,7.847,105,26.1
3/17/2018 17:30,1.35,2.05,5.288,8.187,102,26.1
3/17/2018 18:00,1.401,2.63,5.298,8.12,104,26.05
3/17/2018 18:30,1.34,2.38,5.055,7.6,105,26.05
3/17/2018 19:00,1.379,2.18,5.151,7.927,108,26.05
3/17/2018 19:30,1.511,2.44,5.485,7.776,101,26.05
3/17/2018 20:00,1.36,2.51,5.188,6.599,109,26.05
3/17/2018 20:30,1.362,2.36,5.126,8.166,104,26.05
3/17/2018 21:00,1.473,2.61,5.23,8.175,111,26.05
3/17/2018 21:30,1.452,2.27,5.303,7.897,108,26
3/17/2018 22:00,1.349,2.82,5.17,7.828,108,26
3/17/2018 22:30,1.328,2.26,5.274,7.536,106,26
3/17/2018 23:00,1.395,2.4,5.611,7.771,101,26
3/17/2018 23:30,1.304,2.24,5.19,8.15,105,26
3/18/2018 0:00,1.343,2.2,5.371,7.31,101,26
3/18/2018 0:30,1.39,2.683,5.244,7.269,108,26
3/18/2018 1:00,1.384,2.01,5.447,7.636,101,26
3/18/2018 1:30,1.438,2.94,5.505,7.584,106,26
3/18/2018 2:00,1.405,2.43,5.309,7.084,102,26
3/18/2018 2:30,1.393,2.23,5.398,7.562,111,26
3/18/2018 3:00,1.349,2.22,5.459,8.109,105,26.05
3/18/2018 3:30,1.351,2.52,5.567,8.147,104,26
3/18/2018 4:00,1.359,2.32,5.568,7.472,101,26
3/18/2018 4:30,1.393,2.26,5.373,7.584,105,26
3/18/2018 5:00,1.332,2.71,5.268,7.621,106,26
3/18/2018 5:30,1.397,2.26,5.5,7.429,105,26
3/18/2018 6:00,1.288,2.11,5.351,14.558,102,26
3/18/2018 6:30,1.301,2.29,5.451,7.024,113,26
3/18/2018 7:00,1.255,2.04,5.602,13.877,104,26
3/18/2018 7:30,1.243,2.07,5.503,7.638,119,26
3/18/2018 8:00,1.209,2.26,5.295,7.594,113,26
3/18/2018 8:30,1.218,1.96,5.386,6.78,104,26
3/18/2018 9:00,1.247,2.27,5.523,13.76,108,26
3/18/2018 9:30,1.173,1.84,5.212,13.888,106,26
3/18/2018 10:00,1.162,1.9,5.094,14.249,120,26.05
3/18/2018 10:30,1.11,1.77,5.173,13.235,116,26.05
3/18/2018 11:00,1.059,1.76,5.08,13.804,113,26.1
3/18/2018 11:30,1.086,1.9,5.172,13.849,111,26.1
3/18/2018 12:00,1.078,2.02,5.072,14.702,113,26.15
3/18/2018 12:30,0.993,1.64,5.118,13.474,115,26.2
3/18/2018 13:00,1.048,1.73,5.058,13.554,102,26.2
3/18/2018 13:30,0.976,1.49,5.06,13.588,106,26.25
3/18/2018 14:00,0.947,1.52,5.104,13.186,106,26.3
3/18/2018 14:30,0.954,1.65,5.137,12.862,102,26.35
3/18/2018 15:00,0.88,1.43,5.013,12.246,90,26.4
3/18/2018 15:30,0.943,1.77,5.213,13.028,122,26.4
3/18/2018 16:00,0.87,1.45,5.197,12.401,118,26.35
3/18/2018 16:30,0.8,1.18,5.039,12.747,119,26.35
3/18/2018 17:00,0.823,1.36,5.339,12.736,118,26.35
3/18/2018 17:30,0.877,1.39,5.628,13.094,128,26.35
3/18/2018 18:00,0.798,1.46,5.256,13.117,123,26.35
3/18/2018 18:30,0.793,1.39,5.444,12.153,122,26.35
3/18/2018 19:00,0.803,1.28,5.384,13.791,95,26.35
3/18/2018 19:30,0.817,1.27,4.876,11.543,119,26.3
3/18/2018 20:00,0.774,1.26,4.96,13.208,112,26.3
3/18/2018 20:30,0.789,1.3,5.251,14.626,125,26.25
3/18/2018 21:00,0.793,1.35,5.324,12.764,109,26.25
3/18/2018 21:30,0.763,1.58,4.974,5.817,108,26.25
3/18/2018 22:00,0.789,1.25,5.079,13.745,99,26.25
3/18/2018 22:30,0.739,1.21,5.274,12.143,120,26.2
3/18/2018 23:00,0.735,1.27,5.008,10.907,108,26.2
3/18/2018 23:30,0.732,1.15,4.938,11.702,116,26.2
3/19/2018 0:00,0.759,1.2,5.017,12.665,102,26.2
3/19/2018 0:30,0.729,1.24,4.983,12.114,115,26.2
3/19/2018 1:00,0.75,1.23,5.169,13.739,109,26.2
3/19/2018 1:30,0.754,1.49,5.017,12.009,109,26.2
3/19/2018 2:00,0.756,1.32,5.009,12.162,102,26.2
3/19/2018 2:30,0.802,1.31,5.423,13.011,102,26.15
3/19/2018 3:00,0.782,1.29,5.154,13.025,118,26.2
3/19/2018 3:30,0.721,1.26,4.899,12.767,108,26.15
3/19/2018 4:00,0.739,1.17,5.061,13.565,123,26.15
3/19/2018 4:30,0.74,1.29,5.196,12.959,109,26.15
3/19/2018 5:00,0.709,1.17,4.657,12.258,115,26.15
3/19/2018 5:30,0.743,1.34,4.828,12.345,109,26.15
3/19/2018 6:00,0.762,1.13,4.906,13.746,97,26.15
3/19/2018 6:30,0.732,1.32,4.821,13.483,109,26.15
3/19/2018 7:00,0.715,1.44,4.768,13.468,94,26.15
3/19/2018 7:30,0.718,1.23,4.674,13.735,112,26.15
3/19/2018 8:00,0.722,1.13,4.553,13.657,112,26.15
3/19/2018 8:30,0.752,1.23,4.688,13.346,84,26.15
3/19/2018 9:00,0.723,1.25,4.746,13.873,118,26.15
3/19/2018 9:30,0.707,1.17,4.517,12.922,125,26.2
3/19/2018 10:00,0.708,1.2,4.703,13.246,118,26.2
3/19/2018 10:30,0.706,1.12,4.686,12.983,118,26.2
3/19/2018 11:00,0.675,1.11,4.613,12.931,111,26.25
3/19/2018 11:30,0.675,1.13,4.692,12.856,120,26.25
3/19/2018 12:00,0.706,1.12,4.739,11.963,92,26.25
3/19/2018 12:30,0.645,1.13,4.693,13.723,83,26.25
3/19/2018 13:00,0.684,1.13,5.015,13.277,92,26.25
3/19/2018 13:30,0.673,1.04,4.949,12.904,112,26.25
3/19/2018 14:00,0.685,1.08,4.974,13.493,104,26.25
3/19/2018 14:30,0.637,1.08,5.035,13.177,119,26.35
3/19/2018 15:00,0.649,1.16,4.995,11.293,108,26.4
3/19/2018 15:30,0.707,1.18,5.095,13.54,66,26.4
3/19/2018 16:00,0.692,1.16,5.087,13.699,88,26.4
3/19/2018 16:30,0.679,1.14,4.704,12.551,92,26.35
3/19/2018 17:00,0.68,1.17,4.708,13.702,98,26.35
3/19/2018 17:30,0.708,1.29,4.473,12.843,83,26.3
3/19/2018 18:00,0.693,1,4.323,13.697,105,26.3
3/19/2018 18:30,0.724,1.05,4.524,12.711,101,26.25
3/19/2018 19:00,0.707,1.18,4.374,11.033,74,26.25
3/19/2018 19:30,0.713,1.24,4.358,12.953,56,26.25
3/19/2018 20:00,0.765,1.45,4.261,4.207,97,26.25
3/19/2018 20:30,0.741,1.34,4.427,12.747,57,26.25
3/19/2018 21:00,0.759,1.37,4.101,6.309,104,26.25
3/19/2018 21:30,0.794,1.29,4.372,12.325,104,26.25
3/19/2018 22:00,0.79,1.3,4.155,12.96,81,26.25
3/19/2018 22:30,0.847,1.51,4.19,4.01,85,26.2
3/19/2018 23:00,0.908,1.67,4.361,4.824,112,26.2
3/19/2018 23:30,0.922,1.44,4.408,4.714,85,26.2
3/20/2018 0:00,0.968,1.54,4.408,5.468,99,26.2
3/20/2018 0:30,1.036,1.57,4.6,5.98,105,26.2
3/20/2018 1:00,1.044,1.94,4.403,5.552,105,26.2
3/20/2018 1:30,0.999,1.8,4.601,5.852,102,26.2
3/20/2018 2:00,1.046,1.62,4.68,6.225,99,26.2
3/20/2018 2:30,1.061,1.55,4.518,5.172,97,26.15
3/20/2018 3:00,1.1,1.79,4.4,5.358,108,26.15
3/20/2018 3:30,1.14,2.16,4.548,5.642,91,26.15
3/20/2018 4:00,1.183,1.9,4.506,5.217,101,26.15
3/20/2018 4:30,1.242,2.17,4.561,5.488,104,26.15
3/20/2018 5:00,1.126,2.02,4.609,5.464,104,26.15
3/20/2018 5:30,1.251,1.93,4.749,5.652,92,26.15
3/20/2018 6:00,1.125,1.92,4.675,5.964,91,26.15
3/20/2018 6:30,1.131,2.06,4.581,5.604,91,26.15
3/20/2018 7:00,1.126,1.97,4.693,5.198,90,26.15
3/20/2018 7:30,1.154,1.99,4.661,5.198,104,26.15
3/20/2018 8:00,1.154,1.81,4.773,6.158,85,26.15
3/20/2018 8:30,1.075,1.85,4.667,5.657,81,26.15
3/20/2018 9:00,1.104,1.65,4.663,5.329,97,26.15
3/20/2018 9:30,1.078,1.93,4.745,6.549,101,26.2
3/20/2018 10:00,1.013,2.15,4.741,6.354,77,26.2
3/20/2018 10:30,0.984,1.68,4.648,6.682,75,26.25
3/20/2018 11:00,1.078,1.79,4.705,6.995,78,26.25
3/20/2018 11:30,1.015,1.63,4.522,6.877,77,26.25
3/20/2018 12:00,1.022,1.94,4.643,6.56,78,26.3
3/20/2018 12:30,0.977,1.66,4.518,6.627,80,26.3
3/20/2018 13:00,1.008,2.24,4.642,6.185,74,26.3
3/20/2018 13:30,1.002,1.5,4.74,6.124,83,26.35
3/20/2018 14:00,0.949,1.61,4.715,6.973,81,26.35
3/20/2018 14:30,0.917,1.55,4.424,6.375,83,26.35
3/20/2018 15:00,0.99,1.52,4.713,6.588,80,26.35
3/20/2018 15:30,1.022,1.95,4.659,6.033,84,26.35
3/20/2018 16:00,1.064,1.74,4.73,12.746,81,26.35
3/20/2018 16:30,1.097,1.71,4.768,5.978,75,26.3
3/20/2018 17:00,1.035,1.88,4.624,7.236,75,26.3
3/20/2018 17:30,1.11,1.63,4.743,12.087,77,26.3
3/20/2018 18:00,1.136,2.18,4.417,12.061,120,26.25
3/20/2018 18:30,1.177,1.93,4.518,6.621,108,26.25
3/20/2018 19:00,1.166,1.94,4.573,11.498,106,26.25
3/20/2018 19:30,1.236,2.181,4.453,4.861,119,26.25
3/20/2018 20:00,1.316,2.47,4.587,5.654,80,26.25
3/20/2018 20:30,1.413,2.32,4.786,5.633,99,26.25
3/20/2018 21:00,1.377,2.32,4.961,5.205,115,26.25
3/20/2018 21:30,1.423,2.287,4.835,11.27,116,26.2
3/20/2018 22:00,1.396,2.44,4.883,5.517,116,26.2
3/20/2018 22:30,1.482,2.59,4.973,5.889,90,26.2
3/20/2018 23:00,1.493,2.63,4.931,5.804,83,26.2
3/20/2018 23:30,1.496,2.43,4.824,6.255,88,26.15
3/21/2018 0:00,1.514,2.29,5.235,5.733,85,26.15
3/21/2018 0:30,1.549,2.74,4.951,6.145,108,26.15
3/21/2018 1:00,1.497,2.46,5.28,6.392,91,26.15
3/21/2018 1:30,1.498,3.12,5.236,6.205,81,26.15
3/21/2018 2:00,1.471,2.85,4.819,6.383,88,26.15
3/21/2018 2:30,1.579,3.36,4.986,6.67,104,26.15
3/21/2018 3:00,1.58,2.39,5.192,10.256,80,26.15
3/21/2018 3:30,1.638,2.41,5.145,6.342,116,26.15
3/21/2018 4:00,1.644,2.66,5.101,6.585,84,26.1
3/21/2018 4:30,1.617,2.683,5.364,6.033,80,26.15
3/21/2018 5:00,1.752,3.1,5.16,6.133,90,26.15
3/21/2018 5:30,1.776,3.614,5.122,6.716,91,26.15
3/21/2018 6:00,1.816,3.01,5.307,6.762,85,26.15
3/21/2018 6:30,1.789,2.83,5.29,6.433,85,26.15
3/21/2018 7:00,1.859,3.711,5.294,6.138,85,26.15
3/21/2018 7:30,1.872,2.95,5.182,6.603,94,26.15
3/21/2018 8:00,1.973,3.863,5.351,6.556,88,26.1
3/21/2018 8:30,2.036,3.232,5.514,6.52,91,26.15
3/21/2018 9:00,-99.9,-99.9,-99.9,-99.9,-99.9,-99.9
3/21/2018 9:30,2.166,3.7,5.322,6.364,109,26.15
3/21/2018 10:00,2.082,3.484,5.508,6.693,84,26.15
3/21/2018 10:30,2.044,3.54,5.477,6.36,98,26.15
3/21/2018 11:00,2.07,3,5.741,7,120,26.15
3/21/2018 11:30,1.991,3.11,5.626,6.785,104,26.15
3/21/2018 12:00,2.048,3.59,5.544,7.083,109,26.2
3/21/2018 12:30,1.851,2.55,5.313,5.482,101,26.2
3/21/2018 13:00,2,3.27,5.268,7.568,112,26.2
3/21/2018 13:30,2.02,3.533,5.293,6.655,97,26.2
3/21/2018 14:00,2.185,4.254,5.375,7.034,111,26.2
3/21/2018 14:30,2.128,3.231,5.268,7.25,113,26.2
3/21/2018 15:00,2.089,3.27,5.446,7.797,112,26.2
3/21/2018 15:30,2.22,4.18,5.334,7.304,109,26.2
3/21/2018 16:00,2.215,4.04,5.49,7.57,91,26.2
3/21/2018 16:30,2.429,4.08,5.663,7.591,105,26.2
3/21/2018 17:00,2.321,3.99,5.539,7.257,112,26.2
3/21/2018 17:30,2.471,4.44,5.853,8.069,105,26.2
3/21/2018 18:00,2.148,3.58,5.457,7.022,116,26.15
3/21/2018 18:30,2.355,3.59,5.655,7.813,109,26.15
3/21/2018 19:00,2.441,4.26,5.629,7.327,113,26.15
3/21/2018 19:30,2.586,4.25,6.103,8.366,111,26.15
3/21/2018 20:00,2.523,5.26,6.096,7.638,111,26.15
3/21/2018 20:30,2.533,4.33,6.245,7.562,105,26.15
3/21/2018 21:00,2.405,4.52,5.883,7.816,109,26.15
3/21/2018 21:30,2.451,5.2,5.682,7.63,108,26.15
3/21/2018 22:00,2.561,3.949,5.895,7.872,106,26.15
3/21/2018 22:30,2.572,4.155,6.263,7.824,113,26.15
3/21/2018 23:00,2.456,4.056,6.006,8.217,108,26.15
3/21/2018 23:30,2.524,4.81,5.921,7.866,115,26.15
3/22/2018 0:00,2.395,4.424,6.167,8.896,98,26.15
3/22/2018 0:30,2.522,4.18,6.073,8.896,109,26.1
3/22/2018 1:00,2.524,3.852,6.096,7.792,97,26.1
3/22/2018 1:30,2.309,3.91,5.898,8.906,98,26.1
3/22/2018 2:00,2.58,4.21,6.319,8.924,97,26.1
3/22/2018 2:30,2.536,3.855,6.243,8.371,92,26.1
3/22/2018 3:00,2.409,4.15,5.982,8.332,90,26.1
3/22/2018 3:30,2.484,4.19,6.072,9.507,98,26.1
3/22/2018 4:00,2.532,4.107,6.051,8.57,83,26.1
3/22/2018 4:30,2.396,3.82,6.299,8.481,97,26.1
3/22/2018 5:00,2.533,5,6.095,9.35,102,26.1
3/22/2018 5:30,2.45,4.245,6.252,9.494,94,26.1
3/22/2018 6:00,2.39,3.943,6.308,9.138,95,26.05
3/22/2018 6:30,2.475,5.04,6.41,8.962,95,26.05
3/22/2018 7:00,2.56,4.15,6.116,9.284,88,26.1
3/22/2018 7:30,2.553,3.67,6.4,9.289,94,26.05
3/22/2018 8:00,2.69,4.11,6.611,9.928,78,26.1
3/22/2018 8:30,2.359,4.285,6.056,6.525,84,26.1
3/22/2018 9:00,2.528,4.199,6.044,7.86,95,26.05
3/22/2018 9:30,2.445,4.822,6.225,9.704,92,26.1
3/22/2018 10:00,2.48,4.14,6.439,10.733,83,26.05
3/22/2018 10:30,2.455,4.94,6.493,9.382,85,26.05
3/22/2018 11:00,2.293,3.36,6.363,9.812,88,26.1
3/22/2018 11:30,2.584,3.88,6.699,9.808,97,26.1
3/22/2018 12:00,2.466,4.02,6.259,9.429,80,26.1
3/22/2018 12:30,2.545,4.15,6.386,9.699,80,26.1
3/22/2018 13:00,2.354,3.96,6.238,9.698,90,26.15
3/22/2018 13:30,2.409,4.43,6.444,9.343,83,26.15
3/22/2018 14:00,2.48,3.74,6.46,10.248,91,26.15
3/22/2018 14:30,2.26,3.58,6.147,8.502,84,26.15
3/22/2018 15:00,2.455,4.3,6.423,10.27,95,26.15
3/22/2018 15:30,2.361,3.54,6.566,10.721,87,26.15
3/22/2018 16:00,2.274,4.49,6.091,8.523,94,26.15
3/22/2018 16:30,2.334,4.012,6.261,9.427,85,26.15
3/22/2018 17:00,2.472,4.13,6.482,9.454,88,26.15
3/22/2018 17:30,2.41,4.19,6.396,9.83,83,26.15
3/22/2018 18:00,2.404,3.57,6.598,10.242,88,26.1
3/22/2018 18:30,2.298,3.29,5.921,9.444,88,26.1
3/22/2018 19:00,2.185,3.5,6.282,9.372,90,26.1
3/22/2018 19:30,2.396,3.87,6.356,9.704,90,26.1
3/22/2018 20:00,2.426,4.25,6.524,9.833,102,26.1
3/22/2018 20:30,2.349,3.8,6.374,10.721,83,26.1
3/22/2018 21:00,2.396,3.63,6.755,9.344,98,26.05
3/22/2018 21:30,2.293,3.46,6.46,9.904,97,26.05
3/22/2018 22:00,2.301,3.8,6.373,10.767,98,26.05
3/22/2018 22:30,2.288,3.82,6.325,8.57,92,26.05
3/22/2018 23:00,2.369,4.28,6.538,10.839,92,26.05
3/22/2018 23:30,2.462,4.9,6.614,10.248,105,26.05
3/23/2018 0:00,2.442,3.55,6.39,10.82,102,26.05
3/23/2018 0:30,2.265,4.07,6.207,8.924,98,26.05
3/23/2018 1:00,2.424,3.62,6.73,10.431,90,26.05
3/23/2018 1:30,2.377,3.89,6.551,11.405,99,26.05
3/23/2018 2:00,2.445,3.79,6.498,9.716,102,26.05
3/23/2018 2:30,2.468,4.29,6.618,10.812,99,26.05
3/23/2018 3:00,2.348,4.42,6.507,9.856,97,26.05
3/23/2018 3:30,2.344,3.55,6.517,10.404,97,26.05
3/23/2018 4:00,2.333,3.47,6.542,9.979,95,26
3/23/2018 4:30,2.337,3.61,6.38,10.354,104,26
3/23/2018 5:00,2.35,3.864,6.553,10.359,99,26
3/23/2018 5:30,2.19,3.11,6.249,10.729,87,26
3/23/2018 6:00,2.529,4.26,6.802,10.257,104,26
3/23/2018 6:30,2.357,4.724,6.222,10.686,87,26
3/23/2018 7:00,2.346,3.6,6.418,10.267,87,25.95
3/23/2018 7:30,2.199,3.54,6.246,10.797,97,26
3/23/2018 8:00,2.326,3.69,6.508,11.256,88,26
3/23/2018 8:30,2.341,3.5,6.713,9.624,94,26
3/23/2018 9:00,2.473,4.11,6.607,10.295,102,26
3/23/2018 9:30,2.303,3.61,6.477,10.259,108,26
3/23/2018 10:00,2.172,3.3,6.065,8.517,95,26
3/23/2018 10:30,2.205,3.713,6.448,10.48,111,26.05
3/23/2018 11:00,2.298,3.39,6.663,9.723,109,26.05
3/23/2018 11:30,2.393,3.68,6.599,10.618,97,26.05
3/23/2018 12:00,2.267,3.42,6.606,10.693,101,26.05
3/23/2018 12:30,2.409,3.46,6.812,11.344,111,26.1
3/23/2018 13:00,2.276,4.02,6.736,10.455,108,26.1
3/23/2018 13:30,2.355,3.9,6.567,10.646,104,26.1
3/23/2018 14:00,2.361,4.11,6.534,9.628,104,26.1
3/23/2018 14:30,2.25,3.71,6.711,10.933,92,26.1
3/23/2018 15:00,2.322,3.46,7.029,9.882,104,26.1
3/23/2018 15:30,2.323,4.35,6.565,10.229,104,26.05
3/23/2018 16:00,2.462,4.14,6.793,10.345,105,26.05
3/23/2018 16:30,2.398,4.54,6.59,10.754,106,26.05
3/23/2018 17:00,2.394,3.97,6.543,9.649,101,26.05
3/23/2018 17:30,2.521,4.35,6.767,10.254,111,26.05
3/23/2018 18:00,2.299,3.45,6.523,10.684,101,26.05
3/23/2018 18:30,2.242,3.85,6.577,9.498,111,26.05
3/23/2018 19:00,2.072,3.79,6.553,10.373,112,26.05
3/23/2018 19:30,2.169,3.88,6.8,9.946,95,26
3/23/2018 20:00,2.165,3.43,6.372,10.778,106,26
3/23/2018 20:30,2.123,3.83,6.465,10.269,95,26.05
3/23/2018 21:00,2.25,3.7,6.329,9.806,104,26.05
3/23/2018 21:30,2.244,3.93,6.519,10.193,85,26.05
3/23/2018 22:00,2.096,4.33,5.823,8.552,106,26.05
3/23/2018 22:30,2.099,3.25,6.093,9.577,102,26.05
3/23/2018 23:00,2.231,3.23,6.179,9.813,112,26
3/23/2018 23:30,2.271,4.54,6.307,9.782,98,26
3/24/2018 0:00,2.332,3.58,6.412,10.219,101,26
3/24/2018 0:30,2.368,3.57,6.37,10.268,111,26
3/24/2018 1:00,2.113,3.68,6.102,10.721,104,26
3/24/2018 1:30,2.466,3.88,6.338,9.679,102,26
3/24/2018 2:00,2.302,3.68,6.12,10.243,106,26
3/24/2018 2:30,2.403,4.18,6.74,10.412,109,25.95
3/24/2018 3:00,2.302,3.86,6.518,9.952,111,26
3/24/2018 3:30,2.32,3.86,6.376,10.808,108,25.95
3/24/2018 4:00,2.285,4,6.302,10.335,104,26
3/24/2018 4:30,2.346,3.55,6.793,11.317,111,26
3/24/2018 5:00,2.249,3.14,6.222,10.675,102,25.95
3/24/2018 5:30,2.37,4.11,6.351,10.625,101,25.95
3/24/2018 6:00,2.235,3.59,6.224,9.833,98,25.95
3/24/2018 6:30,2.179,3.79,6.487,10.083,97,25.95
3/24/2018 7:00,2.208,3.28,6.434,8.889,101,25.95
3/24/2018 7:30,2.297,3.99,6.486,9.758,104,25.95
3/24/2018 8:00,2.108,4.17,6.396,8.514,97,25.95
3/24/2018 8:30,2.23,4.17,6.719,10.298,87,25.95
3/24/2018 9:00,2.218,4.19,6.585,10.185,106,25.95
3/24/2018 9:30,2.048,2.98,6.537,9.292,102,25.95
3/24/2018 10:00,2.092,4.39,6.649,8.939,85,25.95
3/24/2018 10:30,2.035,3.3,6.307,9.38,101,26
3/24/2018 11:00,2.177,3.55,6.658,10.757,85,26
3/24/2018 11:30,2.103,3.03,6.863,10.77,91,26
3/24/2018 12:00,2.16,3.26,6.913,9.8,87,26
3/24/2018 12:30,1.995,2.73,6.545,8.915,97,26
3/24/2018 13:00,2.134,3.8,6.507,8.194,94,26
3/24/2018 13:30,2.116,4.44,6.642,9.76,87,26
3/24/2018 14:00,2.058,3.57,6.517,10.797,91,26
3/24/2018 14:30,2.052,3.32,6.699,9.716,87,26
3/24/2018 15:00,2.062,3.09,6.954,9.348,94,26
3/24/2018 15:30,1.98,3.26,6.891,9.834,92,26
3/24/2018 16:00,1.922,2.89,6.58,10.291,90,26
3/24/2018 16:30,2.046,3.55,6.876,9.735,102,26
3/24/2018 17:00,2.033,3.54,7.229,8.937,97,26
3/24/2018 17:30,1.953,2.64,7.115,10.935,94,26
3/24/2018 18:00,1.984,4.06,6.685,9.375,94,25.95
3/24/2018 18:30,1.951,3.38,7.006,9.781,83,25.95
3/24/2018 19:00,1.967,3.71,6.471,9.325,87,25.95
3/24/2018 19:30,2.009,3.19,6.743,9.474,94,25.95
3/24/2018 20:00,2.154,4.28,7.159,10.598,88,25.95
3/24/2018 20:30,2.041,2.88,7.094,10.426,88,25.95
3/24/2018 21:00,2.163,3.06,6.976,9.296,104,25.95
3/24/2018 21:30,1.911,3.46,6.719,10.21,101,25.95
3/24/2018 22:00,1.996,3.44,6.444,9.006,92,25.95
3/24/2018 22:30,2.141,3.33,6.583,9.745,90,25.95
3/24/2018 23:00,2.166,3.88,6.605,8.913,87,25.95
3/24/2018 23:30,2.159,3.16,6.405,8.938,91,25.95
3/25/2018 0:00,2.028,3.33,6.333,9.868,94,25.95
3/25/2018 0:30,2.066,3.3,6.658,9.122,88,25.95
3/25/2018 1:00,1.928,3.08,6.328,9.798,92,25.9
3/25/2018 1:30,2.086,3.56,6.809,9.244,91,25.9
3/25/2018 2:00,1.988,3.01,6.612,12.094,102,25.9
3/25/2018 2:30,1.908,2.88,6.641,10.814,97,25.9
3/25/2018 3:00,1.914,3.46,6.645,8.942,109,25.9
3/25/2018 3:30,1.768,3.1,6.473,10.987,94,25.9
3/25/2018 4:00,1.84,3.06,6.342,10.223,106,25.9
3/25/2018 4:30,1.835,2.88,6.627,9.308,95,25.9
3/25/2018 5:00,1.711,2.82,6.588,8.846,101,25.9
3/25/2018 5:30,1.934,3,7.095,11.075,99,25.9
3/25/2018 6:00,1.794,2.9,6.543,10.116,91,25.9
3/25/2018 6:30,1.831,2.86,6.647,10.348,88,25.9
3/25/2018 7:00,1.876,2.77,6.758,8.905,87,25.9
3/25/2018 7:30,1.738,2.58,6.41,8.918,87,25.9
3/25/2018 8:00,1.828,3.61,6.774,9.532,90,25.9
3/25/2018 8:30,1.715,2.71,6.483,12.078,91,25.95
3/25/2018 9:00,1.856,2.97,7.069,9.268,85,25.95
3/25/2018 9:30,1.879,3.38,6.445,9.042,88,25.95
3/25/2018 10:00,1.872,3.03,6.75,8.261,88,25.95
3/25/2018 10:30,1.842,2.87,6.68,8.169,87,25.95
3/25/2018 11:00,1.919,3.21,6.864,9.777,87,25.95
3/25/2018 11:30,1.851,3.18,6.482,8.944,83,25.95
3/25/2018 12:00,1.823,2.83,6.884,9.213,88,25.95
3/25/2018 12:30,1.795,3.08,6.819,10.334,84,25.95
3/25/2018 13:00,1.833,2.98,7.053,9.338,97,25.95
3/25/2018 13:30,1.825,2.86,6.935,9.003,80,25.95
3/25/2018 14:00,1.755,2.6,6.86,8.892,75,25.95
3/25/2018 14:30,1.901,3.29,7.244,9.3,78,26
3/25/2018 15:00,1.86,3.05,7.183,8.976,92,26.05
3/25/2018 15:30,1.699,2.93,7.138,9.341,92,26.05
3/25/2018 16:00,1.758,3.17,6.96,7.854,91,26
3/25/2018 16:30,1.675,2.57,6.834,9.104,83,26
3/25/2018 17:00,1.67,2.74,6.741,9.683,85,26
3/25/2018 17:30,1.729,2.56,6.77,9.434,102,26
3/25/2018 18:00,1.771,3.06,6.954,9.012,84,25.95
3/25/2018 18:30,1.768,2.84,6.859,10.302,101,25.95
3/25/2018 19:00,1.787,2.96,6.876,8.59,95,25.95
3/25/2018 19:30,1.752,2.59,6.732,8.537,90,25.95
3/25/2018 20:00,1.713,2.95,6.844,12.683,85,25.95
3/25/2018 20:30,1.708,3.26,6.632,9.361,98,25.95
3/25/2018 21:00,1.728,2.52,6.672,9.312,91,25.95
3/25/2018 21:30,1.782,3.87,6.327,10.14,88,25.95
3/25/2018 22:00,1.805,3.03,6.7,9.331,102,25.95
3/25/2018 22:30,1.769,3.34,6.622,12.841,95,25.9
3/25/2018 23:00,1.7,3.27,6.324,12.152,95,25.95
3/25/2018 23:30,1.841,2.74,6.81,8.591,102,25.9
3/26/2018 0:00,1.804,2.84,6.471,12.877,90,25.95
3/26/2018 0:30,1.775,3.21,6.621,8.518,87,25.9
3/26/2018 1:00,1.721,3.12,6.573,9.355,95,25.9
3/26/2018 1:30,1.727,2.73,6.654,8.568,84,25.9
3/26/2018 2:00,1.829,3.06,6.39,8.412,91,25.9
3/26/2018 2:30,1.69,2.65,6.748,8.889,90,25.9
3/26/2018 3:00,1.755,2.79,6.938,9.3,104,25.9
3/26/2018 3:30,1.625,2.77,6.9,9.159,90,25.9
3/26/2018 4:00,1.634,2.28,6.84,9.422,81,25.9
3/26/2018 4:30,1.64,2.5,7.289,9.172,81,25.9
3/26/2018 5:00,1.68,3.28,6.902,12.129,84,25.9
3/26/2018 5:30,1.689,2.71,7.192,8.522,80,25.9
3/26/2018 6:00,1.521,2.19,7.049,8.19,77,25.9
3/26/2018 6:30,1.62,2.5,7.095,9.312,87,25.85
3/26/2018 7:00,1.591,2.57,7.251,9.636,95,25.9
3/26/2018 7:30,1.414,2.23,6.784,8.444,84,25.9
3/26/2018 8:00,1.541,2.69,7.239,8.198,85,25.9
3/26/2018 8:30,1.524,2.19,7.126,8.912,84,25.95
3/26/2018 9:00,1.392,2.23,7.078,9.395,81,26
3/26/2018 9:30,1.52,2.43,7.152,9.355,81,26.05
3/26/2018 10:00,1.52,2.28,7.535,10.295,87,26.1
3/26/2018 10:30,1.568,2.64,6.909,8.195,71,26.25
3/26/2018 11:00,1.591,2.52,7.391,9.138,75,26.55
3/26/2018 11:30,1.593,2.83,7.082,8.24,83,26.8
3/26/2018 12:00,1.417,2.3,6.699,9.209,80,26.85
3/26/2018 12:30,1.418,2.34,6.95,7.88,81,26.9
3/26/2018 13:00,1.466,2.47,7.235,9.207,84,26.9
3/26/2018 13:30,1.442,2.64,6.937,7.803,84,27.05
3/26/2018 14:00,1.536,2.6,6.988,8.087,88,27.15
3/26/2018 14:30,1.413,2.3,6.462,8.754,90,26.95
3/26/2018 15:00,1.465,2.32,7.235,10.769,85,26.75
3/26/2018 15:30,1.58,2.71,7.238,10.118,77,26.65
3/26/2018 16:00,1.537,2.45,6.921,9.732,77,26.6
3/26/2018 16:30,1.461,2.19,7.04,10.802,74,26.55
3/26/2018 17:00,1.434,2.52,6.978,8.877,85,26.5
3/26/2018 17:30,1.457,2.42,6.554,8.613,71,26.45
3/26/2018 18:00,1.478,2.77,7.03,8.612,83,26.35
3/26/2018 18:30,1.37,2.3,6.863,9.186,77,26.3
3/26/2018 19:00,1.452,2.74,6.825,8.888,70,26.3
3/26/2018 19:30,1.41,2.31,6.88,8.226,75,26.25
3/26/2018 20:00,1.378,2.2,6.769,8.459,78,26.25
3/26/2018 20:30,1.531,2.85,7.012,10.267,80,26.25
3/26/2018 21:00,1.459,2.4,6.979,8.56,83,26.25
3/26/2018 21:30,1.413,2.85,6.815,10.299,73,26.25
3/26/2018 22:00,1.504,2.39,7.204,9.356,94,26.2
3/26/2018 22:30,1.381,2.11,6.862,9.274,74,26.2
3/26/2018 23:00,1.349,1.99,6.491,9.881,75,26.2
3/26/2018 23:30,1.472,2.06,6.991,7.632,75,26.25
3/27/2018 0:00,1.395,2.44,6.828,8.054,88,26.25
3/27/2018 0:30,1.407,2.31,6.484,8.754,81,26.25
3/27/2018 1:00,1.393,2.43,6.41,9.777,81,26.25
3/27/2018 1:30,1.367,2.07,6.464,8.168,73,26.2
3/27/2018 2:00,1.422,2.05,6.878,8.165,73,26.2
3/27/2018 2:30,1.365,2.15,6.596,9.05,78,26.2
3/27/2018 3:00,1.471,2.87,7.044,7.936,81,26.2
3/27/2018 3:30,1.358,2.75,6.601,8.409,78,26.2
3/27/2018 4:00,1.324,1.92,6.549,7.859,77,25.9
3/27/2018 4:30,1.392,2.21,6.711,9.271,87,25.9
3/27/2018 5:00,1.381,2.08,7.157,9.801,78,25.9
3/27/2018 5:30,1.268,2.1,6.598,8.226,73,25.9
3/27/2018 6:00,1.205,1.88,6.378,9.146,75,25.95
3/27/2018 6:30,1.299,2.31,6.641,8.164,73,25.95
3/27/2018 7:00,1.264,2.11,6.216,8.154,84,25.95
3/27/2018 7:30,1.335,2.11,6.48,8.338,68,26
3/27/2018 8:00,1.238,1.9,6.499,9.248,73,26
3/27/2018 8:30,1.152,1.76,5.91,7.845,60,26
3/27/2018 9:00,1.343,1.81,6.343,8.485,78,26.05
3/27/2018 9:30,1.251,2.3,5.857,8.577,67,26.05
3/27/2018 10:00,1.353,2.33,6.023,8.201,59,26.05
3/27/2018 10:30,1.248,2.01,5.755,8.182,67,26.1
3/27/2018 11:00,-99.9,-99.9,-99.9,-99.9,-99.9,-99.9
3/27/2018 11:30,1.36,2.71,5.629,8.096,-99.9,-99.9
3/27/2018 12:00,1.289,2.22,5.865,8.327,66,26.1
3/27/2018 12:30,1.304,2.1,5.179,8.554,60,26.1
3/27/2018 13:00,1.314,2.3,5.356,7.709,67,26.1
3/27/2018 13:30,1.38,2.06,5.501,7.312,64,26.1
3/27/2018 14:00,1.332,2.25,5.341,8.389,68,26.1
3/27/2018 14:30,1.264,2.43,5.178,7.838,68,26.1
3/27/2018 15:00,1.484,2.58,5.216,7.85,80,26.05
3/27/2018 15:30,1.449,2.68,5.246,9.032,60,26.05
3/27/2018 16:00,1.46,2.62,5.252,8.131,59,26.05
3/27/2018 16:30,1.569,2.9,5.16,9.307,64,26.05
3/27/2018 17:00,1.648,2.687,5.259,9.047,49,26.05
3/27/2018 17:30,1.723,2.77,5.09,5.184,56,26.05
3/27/2018 18:00,1.696,2.72,5.34,9.334,120,26.05
3/27/2018 18:30,1.776,3.219,5.46,5.08,135,26.05
3/27/2018 19:00,1.816,3.09,5.254,7.585,56,26
3/27/2018 19:30,1.886,3.89,5.594,5.585,128,26
3/27/2018 20:00,1.781,2.75,5.552,6.272,118,26
3/27/2018 20:30,1.766,2.74,5.388,5.838,115,26
3/27/2018 21:00,1.751,3.4,5.694,9.735,57,26
3/27/2018 21:30,1.774,2.75,5.59,9.125,49,26
3/27/2018 22:00,1.734,2.91,5.349,9.428,47,26
3/27/2018 22:30,1.716,3.14,5.355,5.948,70,26
3/27/2018 23:00,1.746,2.73,5.627,8.472,42,26
3/27/2018 23:30,1.804,2.82,5.654,8.392,52,26
3/28/2018 0:00,1.855,3.19,5.61,8.825,66,25.95
3/28/2018 0:30,1.822,3.219,5.535,6.146,63,25.95
3/28/2018 1:00,1.772,2.86,5.562,9.758,50,25.95
3/28/2018 1:30,1.869,3.07,5.71,7.825,43,26
3/28/2018 2:00,1.82,2.99,5.612,6.142,85,25.95
3/28/2018 2:30,1.881,2.91,5.617,6.99,77,25.95
3/28/2018 3:00,2.022,3.39,5.754,6.603,81,25.95
3/28/2018 3:30,2.052,3.3,5.769,8.087,78,25.95
3/28/2018 4:00,2.038,3.24,5.595,7.875,74,25.95
3/28/2018 4:30,1.864,2.97,5.776,6.584,80,25.95
3/28/2018 5:00,1.919,3.42,5.659,7.529,75,25.95
3/28/2018 5:30,2.017,3.34,5.819,7.496,73,25.95
3/28/2018 6:00,1.918,2.96,5.59,7.794,78,25.95
3/28/2018 6:30,2.006,3.55,5.638,8.567,63,25.9
3/28/2018 7:00,1.814,3.772,5.51,8.715,92,25.9
3/28/2018 7:30,2.143,3.83,5.679,8.216,64,25.95
3/28/2018 8:00,2.221,3.47,6.12,8.533,77,25.95
3/28/2018 8:30,2.112,3.48,5.573,7.518,73,25.9
3/28/2018 9:00,1.95,3.27,5.908,9.234,83,25.9
3/28/2018 9:30,2.096,3.96,6.072,8.764,70,25.9
3/28/2018 10:00,2.121,3.38,6.048,9.343,73,25.9
3/28/2018 10:30,2.029,3.33,5.865,9.313,77,25.9
3/28/2018 11:00,1.967,3.81,5.932,8.536,57,25.95
3/28/2018 11:30,1.99,3.39,5.876,7.865,91,25.9
3/28/2018 12:00,2.042,3.29,5.724,8.173,91,25.95
3/28/2018 12:30,1.836,2.907,5.382,7.606,90,25.95
3/28/2018 13:00,1.969,3.24,5.718,8.497,101,26
3/28/2018 13:30,1.924,3.308,5.462,7.855,92,26
3/28/2018 14:00,1.862,3.124,5.514,7.789,90,26
3/28/2018 14:30,1.833,3.56,5.359,7.684,108,26
3/28/2018 15:00,1.788,3.16,5.412,8.054,104,26
3/28/2018 15:30,1.832,2.65,5.329,7.626,85,26
3/28/2018 16:00,1.931,3.22,5.502,8.468,101,26
3/28/2018 16:30,2.081,3.31,5.655,7.302,105,26
3/28/2018 17:00,2.086,3.45,5.629,7.55,98,25.95
3/28/2018 17:30,2.272,4.41,5.939,7.398,105,25.95
3/28/2018 18:00,2.204,3.6,5.627,7.563,111,25.95
3/28/2018 18:30,2.163,3.534,5.445,8.516,105,25.95
3/28/2018 19:00,2.242,4.32,5.671,8.178,120,25.95
3/28/2018 19:30,2.333,3.513,5.817,7.904,111,25.95
3/28/2018 20:00,2.144,3.428,5.58,8.105,109,25.95
3/28/2018 20:30,2.331,3.65,5.798,8.128,116,25.95
3/28/2018 21:00,2.243,3.524,5.666,8.555,109,25.9
3/28/2018 21:30,2.223,3.46,5.743,8.162,98,25.9
3/28/2018 22:00,2.452,4.193,5.903,8.532,112,25.9
3/28/2018 22:30,2.402,4.265,5.875,8.234,109,25.9
3/28/2018 23:00,2.278,4.081,5.6,8.168,104,25.9
3/28/2018 23:30,2.393,4.07,5.956,8.874,105,25.85
3/29/2018 0:00,2.466,4.153,5.775,8.941,105,25.85
3/29/2018 0:30,2.688,4.972,6.144,8.899,106,25.85
3/29/2018 1:00,2.585,5.081,6.109,9.126,105,25.85
3/29/2018 1:30,2.716,4.813,6.208,8.595,97,25.85
3/29/2018 2:00,2.901,4.96,6.474,9.387,106,25.8
3/29/2018 2:30,2.762,4.47,6.512,9.663,97,25.85
3/29/2018 3:00,2.833,4.1,6.235,10.128,101,25.85
3/29/2018 3:30,2.848,4.384,6.747,9.846,102,25.85
3/29/2018 4:00,2.726,4.47,6.432,9.747,102,25.85
